{"sections":{"1621243260e1af0c20":{"type":"slider","blocks":{"1621243260e1af0c20-0":{"type":"slider_item","settings":{"background":"shopify:\/\/shop_images\/IMG_20260206_162218_20acab59-2154-4925-bbd5-bcaed931f8cc.png","mb_background":"shopify:\/\/shop_images\/IMG_20260206_162218_20acab59-2154-4925-bbd5-bcaed931f8cc.png","content_in_container":true,"content_position":"left middle","text_alignment":"center","text_size":"large","text_color":"black","subheading":"MAJMAKART","title":"Health wellness <br>\nFitness","description":"","image_link":"shopify:\/\/collections\/health-wellness-fitness","button_text":"Shop Now","button_link":"shopify:\/\/collections\/health-wellness-fitness","button_style":"sf__btn-secondary","button_size":"","second_button_text":"","second_button_link":"","second_button_style":"m-button--primary","second_button_size":"","show_footer":true,"footer_alignment":"center","footer_text":"The ReCotton Tee","footer_button":"Shop Now","footer_link":"","enable_preload_image":true}},"1621243260e1af0c20-1":{"type":"slider_item","settings":{"background":"shopify:\/\/shop_images\/rn-image_picker_lib_temp_9f12c0f2-6c97-4f12-af4f-3c6b03d4dfed.png","mb_background":"shopify:\/\/shop_images\/rn-image_picker_lib_temp_9f12c0f2-6c97-4f12-af4f-3c6b03d4dfed.png","content_in_container":false,"content_position":"left middle","text_alignment":"left","text_size":"large","text_color":"black","subheading":"New Arrivals","title":"Responsible<br>\nMan MAJMAKART","description":"","image_link":"shopify:\/\/products\/posture-corrector-belt-unisex","button_text":"","button_link":"shopify:\/\/products\/posture-corrector-belt-unisex","button_style":"sf__btn-secondary","button_size":"","second_button_text":"Shop now","second_button_link":"","second_button_style":"m-button--primary","second_button_size":"","show_footer":true,"footer_alignment":"end","footer_text":"The ReCotton Tee","footer_button":"Shop Now","footer_link":"","enable_preload_image":false}},"1621243260e1af0c20-2":{"type":"slider_item","settings":{"background":"shopify:\/\/shop_images\/rn-image_picker_lib_temp_959d031f-4acd-49f6-a0e4-0adc045a019e.png","mb_background":"shopify:\/\/shop_images\/rn-image_picker_lib_temp_959d031f-4acd-49f6-a0e4-0adc045a019e.png","content_in_container":false,"content_position":"left middle","text_alignment":"left","text_size":"large","text_color":"black","subheading":"New Arrivals","title":"Ultimate Beauty<br>\nPersonal Care","description":"","image_link":"","button_text":"Shop Now","button_link":"shopify:\/\/products\/flawless-eyebrow-for-women","button_style":"sf__btn-secondary","button_size":"","second_button_text":"","second_button_link":"","second_button_style":"m-button--primary","second_button_size":"","show_footer":true,"footer_alignment":"end","footer_text":"The ReCotton Tee","footer_button":"Shop Now","footer_link":"","enable_preload_image":false}}},"block_order":["1621243260e1af0c20-0","1621243260e1af0c20-1","1621243260e1af0c20-2"],"settings":{"container":"w-full","slideshow_height":"adapt","show_overlay":true,"dots_position":"right","dots_color":"dark","show_dots":false,"show_arrows":false,"autorotate":true,"autorotate_speed":3,"use_content_above":false,"custom_class":"sf-home__slideshow","animations":"inherit"}},"16225316461d1cff80":{"type":"collection-list","blocks":{"65e38235-f03b-43c9-8590-38c9c656e51c":{"type":"collection_block","settings":{"collection":"beauty-personal-care","title":"Beauty & Personal Care","item_image":"shopify:\/\/shop_images\/1770374954168.png"}},"694c01c9-a95f-4c09-9cf0-ec75f0131e98":{"type":"collection_block","settings":{"collection":"best-sellers-new-arrivals","title":"Hots & Arrivals","item_image":"shopify:\/\/shop_images\/IMG_20260206_162103.png"}},"16225316461d1cff80-1":{"type":"collection_block","settings":{"collection":"gardening-outdoor","title":"Gardening & Outdoor","item_image":"shopify:\/\/shop_images\/IMG_20260206_162126.png"}},"6d4abb37-5aa2-4499-a2b0-5d85f0d36eec":{"type":"collection_block","settings":{"collection":"home-utility","title":"Home & Utility","item_image":"shopify:\/\/shop_images\/1770375442269.png"}},"12985deb-0775-45ce-80f6-6be7f3150a91":{"type":"collection_block","settings":{"collection":"home-decor-spiritual","title":"Decor & Spiritual","item_image":"shopify:\/\/shop_images\/1770375529855.png"}}},"block_order":["65e38235-f03b-43c9-8590-38c9c656e51c","694c01c9-a95f-4c09-9cf0-ec75f0131e98","16225316461d1cff80-1","6d4abb37-5aa2-4499-a2b0-5d85f0d36eec","12985deb-0775-45ce-80f6-6be7f3150a91"],"custom_css":[".m-collection-card__title {font-weight: 400;}","@media (max-width: 767px) {.m-slider-controls[class*=\"-bottom-left\"], .m-section__header {text-align: center; }}"],"settings":{"heading":"Shop by Categories","heading_size":"h3","subheading":"","description":"","button_label":"","button_link":"","button_style":"m-button--primary","header_alignment":"left","color_scheme":"scheme-09e5b5b4-774c-4b6c-8025-416ced49cc74","container":"container-fluid","layout":"grid","expanded":true,"card_style":"inside-2","text_alignment":"center","hover_effect":"scaling-up","show_product_count":true,"count_inline_title":true,"image_rounded":false,"items_per_row":3,"item_gap":40,"enable_slider":true,"show_pagination":true,"show_navigation":true,"autorotate":true,"autorotate_speed":4,"mobile_disable_slider":false,"use_scroll_mobile":true,"mobile_gap":16,"hidden_slide_control_mobile":true,"padding_top":34,"padding_bottom":6,"custom_class":"sf-home__collection-list","animations":"inherit"}},"17707197933057d4a6":{"type":"_blocks","blocks":{"ai_gen_block_85e8dd6_JmqQdN":{"type":"ai_gen_block_85e8dd6","settings":{"heading_text":"M A J M A_K A R T","heading_tag":"h1","text_alignment":"center","font_size":68,"font_weight":"800","text_color":"#ffffff","glow_color":"#7cd0ef","glow_intensity":50,"enable_animation":true,"animation_duration":1,"padding_top":40,"padding_bottom":40,"padding_horizontal":20,"desktop_width_percent":100},"blocks":{}}},"block_order":["ai_gen_block_85e8dd6_JmqQdN"],"settings":{}},"1770691496b514db60":{"type":"_blocks","blocks":{"ai_gen_block_3e3f8cf_PmgwLp":{"type":"ai_gen_block_3e3f8cf","settings":{"title":"Shop the Trend","subtitle":"Watch & Shop the latest trends","products":["velvet-matte-liquid-lipstick-set-12pcs","unisex-instant-black-herbal-hair-dye-shampoo-for-grey-hair-coverage-shampoo-3-in-1100ml-pack-of-2","tags-moles-remover-pack-of-2","soil-activated-treasure-premium-soil-activator-200gram-pack-of-2","sank-magic-practice-copybook-4-books-1-pen-1-grip-10-refill"],"button_text":"Shop Now","desktop_width_percent":50,"section_padding":0,"card_width":200,"card_height":400,"card_radius":28,"title_size":18,"subtitle_size":12,"background_color":"#cdf1ff","text_color":"#000000","subtext_color":"#666666","card_bg_color":"#ffffff","button_color":"#8b5cf6","button_hover_color":"#7c3aed","button_text_color":"#ffffff"},"blocks":{}},"ai_gen_block_bfc6779_gPPV9x":{"type":"ai_gen_block_bfc6779","settings":{"product":"flawless-eyebrow-for-women","layout":"image-left","image_ratio":"square","text_alignment":"left","desktop_width_percent":100,"padding":20,"spacing":20,"border_radius":0,"image_radius":8,"show_vendor":false,"show_title":true,"show_price":true,"show_description":true,"show_button":true,"button_text":"View Product","button_radius":4,"title_size":24,"price_size":20,"description_size":14,"background_color":"#ffffff","vendor_color":"#999999","title_color":"#000000","price_color":"#000000","compare_price_color":"#999999","description_color":"#666666","button_bg_color":"#000000","button_hover_color":"#333333","button_text_color":"#ffffff"},"blocks":{}}},"block_order":["ai_gen_block_3e3f8cf_PmgwLp","ai_gen_block_bfc6779_gPPV9x"],"settings":{}},"7ea56e8d-5794-4708-8812-8ee9604a3a21":{"type":"custom-content","blocks":{"5c5877d5-05b2-4a50-81e3-78c3f6d0d833":{"type":"image_card","settings":{"width":"50%","color_scheme":"badge-new","content_position":"top_center","content_alignment":"center","text_size":"medium","text_color":"black","image":"shopify:\/\/shop_images\/IMG_20260206_162103.png","link":"shopify:\/\/collections\/beauty-personal-care","title":"","subtitle":"New collection","description":"","button_label":"","button_style":"m-button--primary","button_size":"m-button--large","button_fixed":true,"use_content_above":true,"block_custom_class":"","animations":"inherit","enable_preload_image":false}}},"block_order":["5c5877d5-05b2-4a50-81e3-78c3f6d0d833"],"custom_css":[".container-full {padding-left: 0; padding-right: 0;}",".m-button--fixed {border-color: #e2e2e2; padding: 24px 0; margin-bottom: 24px;}","@media (min-width: 1280px) {.m-image-card__content {padding-top: 115px; }}","@media (max-width: 767px) {.m-button--fixed {border: none; margin-bottom: 0; justify-content: center; column-gap: 12px; } .m-image-card__content {padding-top: 30px; }}"],"settings":{"heading":"","heading_size":"h3","subheading":"","description":"","header_alignment":"center","container":"w-full","color_scheme":"scheme-09e5b5b4-774c-4b6c-8025-416ced49cc74","content_color_scheme":"scheme-09e5b5b4-774c-4b6c-8025-416ced49cc74","enable_parallax":false,"parallax_direction":"vertical","gap":0,"gap_mobile":0,"use_scroll_mobile":false,"padding_top":90,"padding_bottom":0,"enable_preload_image":false,"custom_class":"sf-custom--collection-banner"}},"1770562323de7c69fa":{"type":"_blocks","blocks":{"ai_gen_block_a1d2e88_kjWaGt":{"type":"ai_gen_block_a1d2e88","name":"Glass product grid","settings":{"title":"Luxury Collection","subtitle":"Discover our premium selection","product_list":["6-rack-collapsible-wardrobe-cabinet-and-shoe-rack","adjustable-back-posture-corrector-slouching-relieve-pain-belt-women-men","adjustable-waist-trimmer-belt","breathing-nasal-strip-starter-kit","electric-coffee-grinderrandom-color","electric-toothbrush-teeth-gums-care-toothbrushes-electric-toothbrush"],"desktop_width_percent":100,"columns_desktop":4,"columns_tablet":3,"columns_mobile":"2","grid_gap":25,"text_alignment":"center","card_text_alignment":"center","title_size":48,"subtitle_size":16,"header_spacing":50,"title_color":"#222222","subtitle_color":"#666666","blur_strength":16,"card_background":"#ffffff","border_color":"#e0e0e0","border_hover_color":"#c0c0c0","shadow_color":"#00000021","gradient_color_1":"#ffb3e6","gradient_color_2":"#b3d9ff","gradient_color_3":"#fffacd","highlight_color":"#ffffff","highlight_opacity":0.5,"border_radius":20,"card_padding":20,"content_spacing":16,"section_padding":60,"image_aspect_ratio":100,"image_border_radius":12,"image_placeholder_bg":"#f5f5f5","show_vendor":true,"vendor_color":"#999999","product_title_size":16,"product_title_color":"#222222","price_size":20,"price_color":"#222222","compare_price_size":16,"compare_price_color":"#999999","show_badges":true,"badge_background":"#ff6b6b","badge_text_color":"#ffffff","badge_border_color":"#ffffff","show_button":true,"button_text":"View Product","button_background":"#22222221","button_text_color":"#222222","button_border_color":"#22222240","button_hover_background":"#222222","button_hover_text":"#ffffff","button_hover_border":"#222222","button_shadow":"#00000021","button_border_radius":8},"blocks":{}},"ai_gen_block_08ffac1_tz9dFx":{"type":"ai_gen_block_08ffac1","settings":{"product_1":"adjustable-back-posture-corrector-slouching-relieve-pain-belt-women-men","product_2":"adjustable-waist-trimmer-belt","desktop_width_percent":100,"desktop_columns":2,"gap":15,"padding_top":20,"padding_bottom":20,"padding_horizontal":15,"background_color":"#ffffff","card_background":"#ffffff","card_border_radius":8,"card_padding":15,"show_title":true,"show_price":true,"show_sale_badge":true,"title_size":14,"price_size":14,"text_color":"#222222","price_color":"#222222","sale_price_color":"#e84e4e","compare_price_color":"#999999","badge_background":"#da3f3f","badge_text_color":"#ffffff"},"blocks":{}}},"block_order":["ai_gen_block_a1d2e88_kjWaGt","ai_gen_block_08ffac1_tz9dFx"],"settings":{}},"blocks_QAwB3F":{"type":"_blocks","blocks":{"ai_gen_block_45a08a8_UQTkeM":{"type":"ai_gen_block_45a08a8","name":"Liquid gold luxury grid","settings":{"desktop_width_percent":100,"background_color":"#fff8f0","section_padding":60,"title":"Luxury Collection","title_size":48,"title_color":"#2c2c2c","subtitle":"Discover our premium selection","subtitle_size":18,"subtitle_color":"#666666","columns_desktop":3,"columns_mobile":"1","grid_gap":30,"card_background":"#fffbf5","card_border_radius":24,"card_padding":30,"image_border_radius":28,"gold_accent_1":"#d4af37","gold_accent_2":"#f4e4c1","gold_border_opacity":0.4,"card_title_size":22,"card_title_color":"#2c2c2c","card_text_size":15,"card_text_color":"#666666","button_text_size":15,"button_text_color":"#2c2c2c","button_border_radius":8,"card_1_image":"shopify:\/\/shop_images\/4375524420-Copy_1.webp","card_1_title":"Premium Product","card_1_text":"Exquisite craftsmanship meets timeless elegance","card_1_button_text":"Explore","card_1_button_link":"","card_2_image":"shopify:\/\/shop_images\/rn-image_picker_lib_temp_681c6a31-533b-4c81-b2c0-aa520a789e2d.png","card_2_title":"Luxury Edition","card_2_text":"Handcrafted with the finest materials","card_2_button_text":"Explore","card_2_button_link":"","card_3_image":"shopify:\/\/shop_images\/5929534238.jpg","card_3_title":"Exclusive Design","card_3_text":"Limited collection for discerning tastes","card_3_button_text":"Explore","card_3_button_link":"","card_4_image":"shopify:\/\/shop_images\/4645971214.jpg","card_4_title":"Signature Series","card_4_text":"Refined sophistication in every detail","card_4_button_text":"Explore","card_4_button_link":"","card_5_image":"shopify:\/\/shop_images\/5760715270.jpg","card_5_title":"Elite Collection","card_5_text":"Where luxury meets innovation","card_5_button_text":"Explore","card_5_button_link":"","card_6_image":"shopify:\/\/shop_images\/rn-image_picker_lib_temp_9f12c0f2-6c97-4f12-af4f-3c6b03d4dfed.png","card_6_title":"Prestige Line","card_6_text":"Unparalleled quality and style","card_6_button_text":"Explore","card_6_button_link":""},"blocks":{}},"ai_gen_block_fe31bb9_8GDiUA":{"type":"ai_gen_block_fe31bb9","settings":{"heading":"Deals you might like","subtext":"Limited time offers on selected products","desktop_width_percent":100,"section_padding":32,"border_radius":0,"product_1":"breathing-nasal-strip-starter-kit","discount_1":30,"show_deal_label_1":true,"product_2":"electric-coffee-grinderrandom-color","discount_2":25,"show_deal_label_2":true,"product_3":"electric-toothbrush-teeth-gums-care-toothbrushes-electric-toothbrush","discount_3":40,"show_deal_label_3":true,"product_4":"meneflix-portable-mini-hair-straightener-cordless-rechargeable-mini-adjustable-hair-straightener-hot-comb","discount_4":35,"show_deal_label_4":true,"grid_gap":16,"card_border_radius":8,"card_shadow":"0 1px 3px rgba(0, 0, 0, 0.08)","deal_label":"Limited time deal","badge_border_radius":4,"deal_label_border_radius":12,"show_ratings":true,"reviews_count":500,"show_view_all":true,"view_all_link":"","view_all_text":"View all deals","button_border_radius":20,"background_color":"#ffffff","card_background":"#ffffff","text_color":"#222222","subtext_color":"#666666","link_hover_color":"#0066c0","price_color":"#b12704","compare_price_color":"#999999","star_color":"#ffa41c","badge_background":"#cc0c39","badge_text_color":"#ffffff","deal_label_bg":"#c45500","deal_label_color":"#ffffff","button_background":"#232f3e","button_text_color":"#ffffff","button_hover_background":"#131921","heading_size":24,"subtext_size":14},"blocks":{}}},"block_order":["ai_gen_block_45a08a8_UQTkeM","ai_gen_block_fe31bb9_8GDiUA"],"name":"Deals you might like","settings":{}},"brands_list_XfN79B":{"type":"brands-list","blocks":{"image_DRQGaG":{"type":"image","settings":{"image":"shopify:\/\/shop_images\/6612013140.jpg","image_by_url":"","image_link":"shopify:\/\/products\/instant-pain-relief-soothing-massage-gel-pack-of-2","max_width":"150px"}},"image_iz6arX":{"type":"image","settings":{"image":"shopify:\/\/shop_images\/7764247022.jpg","image_by_url":"","image_link":"shopify:\/\/products\/adjustable-back-posture-corrector-slouching-relieve-pain-belt-women-men","max_width":"150px"}},"image_mWnYAa":{"type":"image","settings":{"image":"shopify:\/\/shop_images\/rn-image_picker_lib_temp_c45dcec3-5788-4bfe-8752-b46d36f308d8.png","image_by_url":"","image_link":"shopify:\/\/products\/meneflix-portable-mini-hair-straightener-cordless-rechargeable-mini-adjustable-hair-straightener-hot-comb","max_width":"150px"}},"image_GkqNqL":{"type":"image","settings":{"image":"shopify:\/\/shop_images\/7177522537.jpg","image_by_url":"","image_link":"shopify:\/\/products\/high-pressure-water-nozzle-spray","max_width":"150px"}},"image_VKAxfW":{"type":"image","settings":{"image":"shopify:\/\/shop_images\/8078421046.jpg","image_by_url":"","image_link":"shopify:\/\/products\/oval-green-crystal-pendant-necklace-set-with-bracelet","max_width":"150px"}},"image_9dYQ7c":{"type":"image","settings":{"image":"shopify:\/\/shop_images\/4400379984.jpg","image_by_url":"","image_link":"shopify:\/\/products\/ginseng-gold-polypeptide-anti-ageing-serum-pack-of-2","max_width":"150px"}}},"block_order":["image_DRQGaG","image_iz6arX","image_mWnYAa","image_GkqNqL","image_VKAxfW","image_9dYQ7c"],"custom_css":[".m-section__heading {font-size: 18px; font-weight: 500;}","@media (max-width: 767px) {.m-brands-list__inner {grid-template-columns: repeat(3, minmax(0, 1fr)); }}"],"settings":{"heading":"Featured in Press","heading_size":"h3","subheading":"","header_alignment":"center","container":"container-fluid","color_scheme":"scheme-09e5b5b4-774c-4b6c-8025-416ced49cc74","item_per_row":6,"column_gap":0,"row_gap":30,"column_gap_mobile":10,"row_gap_mobile":10,"enable_slider":false,"show_nav":false,"show_pagination":false,"autorotate":false,"autorotate_speed":3,"padding_top":100,"padding_bottom":80,"custom_class":"","animations":"inherit"}},"blocks_Exz3dz":{"type":"_blocks","blocks":{"ai_gen_block_84a9f55_rQKVAR":{"type":"ai_gen_block_84a9f55","settings":{"heading":"Featured Collection","subheading":"Curated premium selection","product_list":["anti-paronychia-relief-oil-20-ml-pack-of-2","electric-coffee-grinderrandom-color","ginseng-gold-polypeptide-anti-ageing-serum-pack-of-2","instant-pain-relief-soothing-massage-gel-pack-of-2"],"desktop_width_percent":100,"columns_desktop":4,"columns_tablet":"three","columns_mobile":"two","grid_gap":30,"section_padding":60,"background_color":"#2a2a2a","card_background":"#1a1a1a","image_background":"#3a3a3a","heading_color":"#f5f5f0","text_color":"#c4c4c0","sale_color":"#d4af37","badge_background":"#d4af37","badge_text_color":"#1a1a1a","heading_size":42,"subheading_size":16,"product_title_size":16,"price_size":14,"card_border_radius":4,"card_padding":24,"overlay_opacity":0.3,"shadow_opacity":0.5},"blocks":{}}},"block_order":["ai_gen_block_84a9f55_rQKVAR"],"name":"Dark luxury grid","settings":{}},"custom_content_xALaMf":{"type":"custom-content","blocks":{"html_gbT3c7":{"type":"html","settings":{"code":"<div class=\"m-divider\"><\/div>","width":"100%","block_custom_class":"","animations":"inherit"}}},"block_order":["html_gbT3c7"],"custom_css":[".m-divider {height: 1px; width: 100%; background: rgb(var(--color-border));}"],"settings":{"heading":"","heading_size":"h3","subheading":"","description":"","header_alignment":"center","container":"container-fluid","color_scheme":"dark","content_color_scheme":"dark","enable_parallax":true,"parallax_direction":"horizontal","gap":0,"gap_mobile":0,"use_scroll_mobile":true,"padding_top":0,"padding_bottom":0,"enable_preload_image":false,"custom_class":""}},"custom_content_btgYN3":{"type":"custom-content","blocks":{"lookbook_hDUCNi":{"type":"lookbook","settings":{"color_scheme":"badge-new","width":"50%","image":"shopify:\/\/shop_images\/rn-image_picker_lib_temp_c45dcec3-5788-4bfe-8752-b46d36f308d8.png","top_1":50,"left_1":36,"product_1":"","top_2":26,"left_2":50,"product_2":"","top_3":61,"left_3":48,"product_3":"","top_4":0,"left_4":0,"product_4":"","top_5":20,"left_5":0,"product_5":"","block_custom_class":"","animations":"inherit","enable_preload_image":false}}},"block_order":["lookbook_hDUCNi"],"custom_css":[".m-custom-content__wrapper,.m-block-first {position: relative; z-index: 1;}"],"settings":{"heading":"","heading_size":"h3","subheading":"","description":"","header_alignment":"center","container":"container-fluid","color_scheme":"","content_color_scheme":"","enable_parallax":false,"parallax_direction":"vertical","gap":0,"gap_mobile":0,"use_scroll_mobile":false,"padding_top":0,"padding_bottom":0,"enable_preload_image":false,"custom_class":""}},"1770659434bc6d364d":{"type":"_blocks","blocks":{"ai_gen_block_a49b330_Piqggk":{"type":"ai_gen_block_a49b330","settings":{"section_title":"Up to 30% off | Electric massagers & more | International brands","title_size":32,"mobile_title_size":16,"header_spacing":16,"section_padding":20,"mobile_section_padding":16,"border_radius":8,"desktop_width_percent":100,"product_list":["electric-coffee-grinderrandom-color","electric-toothbrush-teeth-gums-care-toothbrushes-electric-toothbrush","fast-heat-up-portable-handheld-garment-facial-vapor-steamer-iron-brush-for-home-and-travel-handy-multicolour","sank-magic-practice-copybook-4-books-1-pen-1-grip-10-refill"],"grid_gap":12,"mobile_grid_gap":8,"mobile_columns":"2","card_padding":12,"mobile_card_padding":8,"card_border_radius":8,"product_title_size":14,"price_size":14,"compare_price_size":12,"show_discount_badge":true,"discount_badge_bg":"#ff4444","discount_badge_text":"#ffffff","background_color":"#ffffff","card_background":"#ffffff","text_color":"#000000","price_color":"#000000","compare_price_color":"#999999"},"blocks":{}}},"block_order":["ai_gen_block_a49b330_Piqggk"],"settings":{}},"custom_content_hh6hmV":{"type":"custom-content","blocks":{"text_Dxjzb6":{"type":"text","settings":{"title":"Living out every single day and <br> be brave to show off your own true colors","subheading":"MAJMAKART Store","text":"<p>Our new cozy collection is made with environmentally friendly materials and <br\/> simple to care for so you can stay cozy wherever .<\/p>","width":"100%","alignment":"center","align_text":"center","text_size":"medium","text_color":"inherit","button_label":"Shop Collection","button_link":"","button_style":"m-button--link","button_size":"","block_custom_class":"","animations":"inherit"}}},"block_order":["text_Dxjzb6"],"custom_css":["@media (max-width: 767px) {br {display: none; }}"],"settings":{"heading":"","heading_size":"h3","subheading":"","description":"","header_alignment":"center","container":"container-fluid","color_scheme":"scheme-09e5b5b4-774c-4b6c-8025-416ced49cc74","content_color_scheme":"badge-hot","enable_parallax":false,"parallax_direction":"vertical","gap":30,"gap_mobile":16,"use_scroll_mobile":false,"padding_top":100,"padding_bottom":0,"enable_preload_image":false,"custom_class":""}},"1770660390197de215":{"type":"_blocks","settings":{}},"countdown_timer_agRRVU":{"type":"countdown-timer","name":"Countdown timer","settings":{"container":"container-fluid","color_scheme":"dark","align":"center","background_in_container":false,"enable_parallax":false,"parallax_direction":"vertical","use_image_as_background":false,"heading":"Hurry up! Sale end in","description":"","time":"2023-02-26 23:00:00","heading_size":"h3","button_label":"Shop now","button_link":"","button_style":"m-button--white","button_size":"","padding_top":50,"padding_bottom":50,"enable_preload_image":false,"custom_class":"","animations":"inherit"}},"16225125199f82d8fe":{"type":"icon-box","blocks":{"16225125199f82d8fe-0":{"type":"iconbox","settings":{"card_color_scheme":"badge-new","image":"shopify:\/\/shop_images\/1000047226.png","image_by_url":"","title":"Free Shipping","description":"<p>Free Shipping for orders over £130<\/p>","link":"","button_label":"","button_link":"","button_style":"sf__btn-link","button_size":""}},"16225125199f82d8fe-1":{"type":"iconbox","settings":{"card_color_scheme":"badge-new","image":"shopify:\/\/shop_images\/1000047225.png","image_by_url":"","title":"Money Guarantee","description":"<p>Within 30 days for an exchange.<\/p>","link":"","button_label":"","button_link":"","button_style":"sf__btn-link","button_size":""}},"16225125199f82d8fe-2":{"type":"iconbox","settings":{"card_color_scheme":"badge-new","image":"shopify:\/\/shop_images\/1000047224.png","image_by_url":"","title":"Online Support","description":"<p>24 hours a day, 7 days a week<\/p>","link":"","button_label":"","button_link":"","button_style":"sf__btn-link","button_size":""}},"71deafbb-3baf-443a-a087-3f7b8af7b9fa":{"type":"iconbox","settings":{"card_color_scheme":"badge-new","image":"shopify:\/\/shop_images\/1000047223.png","image_by_url":"","title":"Flexible Payment","description":"<p>Pay with Multiple Credit Cards<\/p>","link":"","button_label":"","button_link":"","button_style":"sf__btn-link","button_size":""}}},"block_order":["16225125199f82d8fe-0","16225125199f82d8fe-1","16225125199f82d8fe-2","71deafbb-3baf-443a-a087-3f7b8af7b9fa"],"custom_css":[".m-icon-box__icon {margin-right: 12px;}",".m-icon-box--small {border-top-width: 0;}"],"settings":{"container":"container-fluid","color_scheme":"scheme-09e5b5b4-774c-4b6c-8025-416ced49cc74","heading":"","heading_size":"h3","subheading":"","description":"","header_alignment":"center","item_per_row":4,"item_gap":30,"item_gap_mobile":10,"card_style":"horizontal","image_max_width":"60px","content_alignment":"start","hover_effect":"none","enable_slider":false,"show_pagination":true,"show_navigation":true,"use_scroll_mobile":false,"use_grid_column_mb":false,"padding_top":46,"padding_bottom":46,"custom_class":"m-icon-box--small","animations":"inherit"}}},"order":["1621243260e1af0c20","16225316461d1cff80","17707197933057d4a6","1770691496b514db60","7ea56e8d-5794-4708-8812-8ee9604a3a21","1770562323de7c69fa","blocks_QAwB3F","brands_list_XfN79B","blocks_Exz3dz","custom_content_xALaMf","custom_content_btgYN3","1770659434bc6d364d","custom_content_hh6hmV","1770660390197de215","countdown_timer_agRRVU","16225125199f82d8fe"]}