{"sections":{"main":{"type":"collection-list-template","settings":{"container":"container-fluid","display_type":"all","title":"All collection","description":"<p>Here is your chance to upgrade your wardrobe <br\/>with a variation of styles and fits that are both feminine and relaxed.<\/p>","header_alignment":"left","items_per_row":4,"item_gap":30,"mobile_columns":"2","mobile_gap":81,"card_style":"standard","text_alignment":"center","hover_effect":"scaling-up","show_product_count":true,"count_inline_title":true,"image_rounded":true}}},"order":["main"]}