{"type":"footer","name":"Footer","sections":{"footer":{"type":"footer","blocks":{"7b0bf4c6-3873-4222-b8d6-ce009e710078":{"type":"newsletter","settings":{"title":"Let’s get in touch","description":"Sign up for our newsletter and receive 10% off your first order","email_placeholder":"Enter your email","show_icon_input":true,"button_label":"Subscribe now","button_position":"below","button_style":"m-button--primary","form_style":"minimal","show_social":true,"show_agree_checkbox":false,"width":"50%","order_first":true,"open_default":true}},"spacing_4d6agY":{"type":"spacing","settings":{"width":"16%"}},"7ebc2f78-975b-4a81-b874-103c3355a866":{"type":"menu","settings":{"menu":"main-menu","title":"Quick link","width":"25%","order_first":false,"open_default":false}},"49e72833-c68f-4a7b-ab64-3ef0cae99bcb":{"type":"menu","settings":{"menu":"main-menu","title":"Company","width":"25%","order_first":true,"open_default":false}},"93571032-b171-4c66-8b3e-96cd91946363":{"type":"our_store","settings":{"title":"MAJMAKART","description":"","show_email":true,"show_phone":true,"show_socials_link":true,"width":"33%","order_first":true,"open_default":false}}},"block_order":["7b0bf4c6-3873-4222-b8d6-ce009e710078","spacing_4d6agY","7ebc2f78-975b-4a81-b874-103c3355a866","49e72833-c68f-4a7b-ab64-3ef0cae99bcb","93571032-b171-4c66-8b3e-96cd91946363"],"custom_css":[".m-footer--block-spacing {width: 10%;}",".m-newsletter-form {margin-top: 24px;}",".m-footer--block-newsletter .m-footer--block-title {font-weight: 400; font-size: 25px;}","@media (min-width: 1280px) {.m-footer--block-newsletter .m-footer--block-title {font-size: 36px; margin-bottom: 12px; } .m-footer__copyright, .m-footer--bottom-menu {font-size: 14px; }}"],"settings":{"color_scheme":"dark","design":"footer-3","container":"container-full","bordered":true,"copyright":"© MAJMAKART 2024","show_country_selector":true,"show_currency_selector":false,"show_language_selector":false,"show_social_links":false,"enable_follow_on_shop":false,"show_payment_icons":false,"payment_icons_width":287,"footer_bottom_color_scheme":"dark","footer_bottom_menu":"","show_menu_item_divider":true}},"mobile-sticky-bar":{"type":"mobile-sticky-bar","settings":{"show_mobile_sticky":true,"show_home_icon":true,"show_collection_icon":true,"show_cart_icon":true,"show_search_icon":true,"show_account_icon":true,"show_wishlist_icon":false}},"age-verifier-popup":{"type":"age-verifier-popup","blocks":{"block-1":{"type":"heading","settings":{"heading":"Confirm your age"}},"block-2":{"type":"text","settings":{"text":"<p>Are you 18 years old or older?<\/p>"}},"block-3":{"type":"buttons","settings":{"decline_button":"No, I'm not","approve_button":"Yes, I am"}}},"block_order":["block-1","block-2","block-3"],"settings":{"design_mode":false,"enable":true,"bg_image":"shopify:\/\/shop_images\/age-verifier-popup-background-image-generate-majmakart-brand-image-size-2000x800px.png","bg_blur":false,"decline_heading":"Come back when you're older","decline_content":"<p>Sorry, the content of this store can't be seen by a younger audience. Come back when you're older.<\/p>","return_button":"Oops, I entered incorrectly"}}},"order":["footer","mobile-sticky-bar","age-verifier-popup"]}