{"type":"header","name":"Header","sections":{"annoucement":{"type":"annoucement","blocks":{"item_dGj4GU":{"type":"item","settings":{"message":"Free shipping for all orders","message_link":""}},"item_6Ycmkw":{"type":"item","settings":{"message":"10% discount for online pay","message_link":""}}},"block_order":["item_dGj4GU","item_6Ycmkw"],"custom_css":[".m-announcement-bar__container {--container-width: 600px;}"],"settings":{"container":"container","color_scheme":"badge-sale","show_announcement":true,"homepage_only":true,"show_close":true,"show_divider":false,"show_nav":true,"autorotate":true,"autorotate_speed":3}},"header":{"type":"header","blocks":{"5e153016-a9d7-46c9-a10e-30d16446793d":{"type":"topbar","settings":{"color_scheme":"dark","show_divider":true,"transparent_on_top":true,"show_phone_numb":true,"show_email":true,"show_social_links":true,"show_stores_page":true,"show_currency_switcher":true,"show_country_selector":true,"show_language_switcher":true,"alert_message":"<span>Open Doors To A World Of Fashion  |  <a class=\"m-link-underline\" href=\"#\">Discover More<\/a><span><\/span><\/span>"}}},"block_order":["5e153016-a9d7-46c9-a10e-30d16446793d"],"custom_css":[".m-topbar a[href*=\"facebook\"] {order: 2;}",".social-media-links {column-gap: 30px;}"],"settings":{"color_scheme":"badge-hot","color_scheme_menu":"","header_design":"logo-center-menu-left","container":"container-fluid","sticky_header":"always","transparent_on_top":false,"transparent_text_color":"#000000","logo_text":"MAJMAKART","logo_svg":"","logo_mobile_svg":"","logo_transparent_svg":"","logo_max_width":145,"sticky_logo_max_width":145,"mobile_logo_max_width":110,"main_menu":"main-menu","secondary_menu":"","mobile_menu":"","uppercase_parent_level":true,"show_menu_column_divider":true,"search":"show_icon","show_account_icon":true,"show_cart_icon":true,"show_wishlist_icon":true,"show_compare_icon":true,"show_currency_switcher":true,"show_country_selector":true,"show_language_switcher":true,"mb_show_currency_switcher":true,"mb_show_country_selector":true,"mb_show_language_switcher":true}}},"order":["annoucement","header"]}