{"current":{"favicon":"shopify:\/\/shop_images\/favicon-image-generate-for-majmakart-brand-image-size-32px-x-32px.png","container_width":1200,"container_fluid_width":1420,"container_fluid_offset":65,"type_base_font":"roboto_condensed_n4","use_custom_font_body":true,"custom_body_font":"https:\/\/cdn.shopify.com\/s\/files\/1\/0561\/2742\/2636\/files\/Jost-Regular.ttf?v=1618297125@400\nhttps:\/\/cdn.shopify.com\/s\/files\/1\/0561\/2742\/2636\/files\/Jost-Medium.ttf?v=1618297125@500\nhttps:\/\/cdn.shopify.com\/s\/files\/1\/0561\/2742\/2636\/files\/Jost-SemiBold.ttf?v=1618297125@600","custom_body_weight":"400","type_header_font":"roboto_condensed_n7","use_custom_font_heading":true,"custom_heading_font":"https:\/\/cdn.shopify.com\/s\/files\/1\/0561\/2742\/2636\/files\/Jost-Regular.ttf?v=1618297125@400\nhttps:\/\/cdn.shopify.com\/s\/files\/1\/0561\/2742\/2636\/files\/Jost-Medium.ttf?v=1618297125@500\nhttps:\/\/cdn.shopify.com\/s\/files\/1\/0561\/2742\/2636\/files\/Jost-SemiBold.ttf?v=1618297125@600","custom_heading_weight":"400","type_header_base_size":36,"btn_weight":"500","default_color_scheme":"scheme-09e5b5b4-774c-4b6c-8025-416ced49cc74","img_overlay_opacity":20,"spacing_sections":0,"spacing_sections_mobile":0,"animations":"fade-in","pcard_layout":"1","pcard_alignment":"left","pcard_image_ratio":"3\/4","show_compare_button":false,"show_badge_sale":true,"show_vendor":false,"article_show_date":false,"article_show_excerpt":true,"article_show_button":true,"variant_option_design1":"button","variant_option_design2":"color","variant_option_display_name2":"","variant_option_design3":"color","product_colors":"red: #FF6961,\nyellow: #FDDA76,\nblack: #000000,\nblack band: #000000,\nblue: #8DB4D2,\ngreen: #C1E1C1,\npurple: #B19CD9,\nsilver: #EEEEEF,\nwhite: #FFFFFF,\nbrown: #836953,\nlight brown: #B5651D,\ndark turquoise: #23cddc,\norange: #FFB347,\ntan: #E9D1BF,\nviolet: #B490B0,\npink: #FFD1DC,\ngrey: #E0E0E0,\nsky: #96BDC6,\npale leaf: #CCD4BF,\nlight blue: #b1c5d4,\ndark grey: #aca69f,\nbeige: #EBE6DB,\nbeige band: #EED9C4,\ndark blue: #063e66,\ncream: #F1F2E2,\nlight pink: #FBCFCD,\nmint: #bedce3,\ndark gray: #3A3B3C,\nrosy brown: #c4a287,\nlight grey:#D3D3D3,\ncopper: #B87333,\nrose gold: #ECC5C0,\nnight blue: #151B54,\ncoral: #FF7F50,\nlight purple: #C6AEC7,\nivy green: #5b7763,\nsand: #f2d2a9,\npale grey: #878785,\nlead: #6c6b6c,\nheathered cashew: #bdb59f,\ncoca: #c7babd,\nheathered oat: #d3c1aa,\njean blue: #515d6d,\npelican: #e1d6c5,\ntoasted coconut: #9c7b58,\nnavy: #484d5b,\nheathered blue: #3c3c3c,\nheathered green: #534d36,\nheathered grey: #555c62,\nkalamata: #808487,\nslate grey: #484d5b,\ncharcoal: #8b8b8b,\nheathered charcoal: #8b8b8b","filter_color1":"Gingham","filter_color2":"flannel","filter_color3":"floral","share_facebook":true,"share_pinterest":true,"contact_phone_number":"+91 8882815665","contact_email":"majmakart@gmail.com","social_twitter_link":"https:\/\/twitter.com\/","social_twitter_label":"","social_facebook_link":"https:\/\/facebook.com\/","social_facebook_label":"300k Followers","social_pinterest_link":"https:\/\/www.pinterest.com\/","social_pinterest_label":"https:\/\/www.pinterest.com\/","social_instagram_link":"https:\/\/instagram.com\/","social_instagram_label":"100k Followers","social_snapchat_link":"https:\/\/www.snapchat.com\/","social_youtube_link":"https:\/\/www.youtube.com\/","social_tiktok_link":"https:\/\/www.tiktok.com\/","discount_code_enable":true,"cart_estimate_shipping":true,"show_delivery_days":true,"delivery_time_enable":true,"wishlist_page":"wishlist","product_compare_page":"product-compare","show_agree_on_cart":true,"show_cookie_consent":true,"cookie_design_mode":true,"cookie_consent_placement":"bottom","cookie_consent_theme":"black","custom_css":".m-topbar a[href*=\"pinterest\"],\n.m-topbar a[href*=\"twitter\"], .m-topbar a[href*=\"snapchat\"], .m-topbar a[href*=\"youtube\"],.m-topbar a[href*=\"tiktok\"]  {\n\tdisplay: none;\n}\nbody .m-product-card__tag-name {\n  font-size: 12px;\n  font-weight: 500;\n  text-transform: capitalize;\n  padding: 4px 10px;\n  border-radius: 40px;\n}\n.m-icon-box--small {\n  border-top: 1px solid rgb(var(--color-border));\n}\n.m-icon-box--small .m-icon-box__heading {\n  line-height: 26px;\n  font-size: 18px;\n  margin-bottom: 6px;\n}\nbody .m-footer--block .social-media-links {\n  gap: 12px;\n  margin: 0;\n  padding: 5px 0;\n}\n\nbody .m-footer--block .social-media-links a {\n  color: #222;\n  width: 48px;\n  height: 48px;\n  padding: 0;\n  display: inline-flex;\n  align-items: center;\n  justify-content: center;\n  border-radius: 50%;\n  background-color: #E9E9E9;\n  transition: all .3s;\n}\n\nbody .m-footer--block .social-media-links a:hover {\n  background-color: #222;\n  color: #fff;\n  box-shadow: 0 0 0 0.2rem #222;\n}","currency_code_enabled":true,"enable_page_transition":true,"show_variant_swatch_image":true,"use_theme_currencies":true,"theme_currencies":"USD | EUR | GBP | VND","content_for_index":[],"color_schemes":{"default":{"settings":{"background":"#ffffff","background_secondary":"#f5f5f5","background_gradient":"","text":"#222222","subtext":"#666666","heading_text":"#222222","button":"#000000","button_label":"#ffffff","outline_button_label":"#000000","button_hover":"#222222","button_text_hover":"#ffffff","price_sale":"#e84e4e","price_regular":"#000000","form_field":"#ffffff","form_field_label":"#000000","tooltip":"#222222","tooltip_label":"#ffffff","border":"#eeeeee"}},"dark":{"settings":{"background":"#000000","background_secondary":"#f5f5f5","background_gradient":"","text":"#ffffff","subtext":"#ffffff","heading_text":"#ffffff","button":"#ffffff","button_label":"#222222","outline_button_label":"#ffffff","button_hover":"#ffffff","button_text_hover":"#222222","price_sale":"#e84e4e","price_regular":"#ffffff","form_field":"#ffffff","form_field_label":"#222222","tooltip":"#ffffff","tooltip_label":"#222222","border":"#4b4b4b"}},"footer":{"settings":{"background":"#f5f5f5","background_secondary":"#f5f5f5","background_gradient":"","text":"#000000","subtext":"#666666","heading_text":"#222222","button":"#222222","button_label":"#ffffff","outline_button_label":"#222222","button_hover":"#222222","button_text_hover":"#ffffff","price_sale":"#e84e4e","price_regular":"#000000","form_field":"#ffffff","form_field_label":"#000000","tooltip":"#222222","tooltip_label":"#ffffff","border":"#dedede"}},"badge-hot":{"settings":{"background":"#9a84c8","background_secondary":"#f5f5f5","background_gradient":"","text":"#ffffff","subtext":"#ffffff","heading_text":"#ffffff","button":"#ffffff","button_label":"#222222","outline_button_label":"#ffffff","button_hover":"#ffffff","button_text_hover":"#222222","price_sale":"#ffffff","price_regular":"#ffffff","form_field":"#ffffff","form_field_label":"#000000","tooltip":"#ffffff","tooltip_label":"#222222","border":"#dedede"}},"badge-new":{"settings":{"background":"#52a4f6","background_secondary":"#f5f5f5","background_gradient":"","text":"#ffffff","subtext":"#ffffff","heading_text":"#ffffff","button":"#ffffff","button_label":"#222222","outline_button_label":"#ffffff","button_hover":"#ffffff","button_text_hover":"#222222","price_sale":"#ffffff","price_regular":"#ffffff","form_field":"#ffffff","form_field_label":"#000000","tooltip":"#ffffff","tooltip_label":"#222222","border":"#dedede"}},"badge-sale":{"settings":{"background":"#da3f3f","background_secondary":"#f5f5f5","background_gradient":"","text":"#ffffff","subtext":"#ffffff","heading_text":"#ffffff","button":"#ffffff","button_label":"#222222","outline_button_label":"#ffffff","button_hover":"#ffffff","button_text_hover":"#222222","price_sale":"#ffffff","price_regular":"#ffffff","form_field":"#ffffff","form_field_label":"#000000","tooltip":"#ffffff","tooltip_label":"#222222","border":"#dedede"}},"scheme-cee058e4-58e3-46aa-9af9-219dadc79066":{"settings":{"background":"#f4f4f4","background_secondary":"#f5f5f5","background_gradient":"","text":"#222222","subtext":"#666666","heading_text":"#222222","button":"#000000","button_label":"#ffffff","outline_button_label":"#000000","button_hover":"#222222","button_text_hover":"#ffffff","price_sale":"#e84e4e","price_regular":"#000000","form_field":"#f2f2f2","form_field_label":"#000000","tooltip":"#222222","tooltip_label":"#ffffff","border":"#eeeeee"}},"scheme-09e5b5b4-774c-4b6c-8025-416ced49cc74":{"settings":{"background":"#dff8ef","background_secondary":"#f5f5f5","background_gradient":"","text":"#222222","subtext":"#666666","heading_text":"#222222","button":"#000000","button_label":"#ffffff","outline_button_label":"#000000","button_hover":"#222222","button_text_hover":"#ffffff","price_sale":"#e84e4e","price_regular":"#000000","form_field":"#ffffff","form_field_label":"#000000","tooltip":"#222222","tooltip_label":"#ffffff","border":"#eeeeee"}}}},"platform_customizations":{"custom_css":[".m-section__subheading,.m-richtext__subtitle {font-weight: 500; font-size: 18px;}",".m-section__header {--m-section-header-spacing-bottom: 40px;}",".m-button--link {--btn-link-border: 1px;}"]}}